<?xml version="1.0" encoding="UTF-8"?>
<Configuration status="WARN">
  <Properties>
    <Property name="filename">./logs</Property>
  </Properties>

  <Appenders>
    <RollingFile name="file"
                 fileName="${filename}/log.log"
                 filePattern="${filename}/log-%d{HH-mm-ss-SSS}.log">
      <PatternLayout>
        <pattern>%d{HH:mm:ss.SSS} [%t] %-5level %logger{36} - %msg%n</pattern>
      </PatternLayout>
      <SizeBasedTriggeringPolicy size="1 MB" />
    </RollingFile>
    <Console name="Console" target="SYSTEM_OUT">
      <PatternLayout pattern="%d{HH:mm:ss.SSS} [%t] %-5level %logger{36} - %msg%n"/>
    </Console>
  </Appenders>
  <Loggers>
    <Logger name="Main" level="trace" additivity="false">
      <AppenderRef ref="file"/>
      <AppenderRef ref="Console"/>
    </Logger>
    <Root level="error">
      <AppenderRef ref="Console"/>
    </Root>
  </Loggers>

</Configuration>